C,phi,S Propesed,Stress,qc,fs,u2,Fr,Effective Stress,Qt,Ic,Depth,S_Prop_num,stress_num,phi_true_num,C_true_num,synthetic_flag,phi_pred,C_pred
0.04,32.0,0.07934535359,0.09167927964,2.78,5.05,-45.83,0.1886536436,0.1375092796,19.46678237,2.236327769,6.0,0.07934535359,0.09167927964,32.0,0.04,False,32.072525,0.03779903
7.15,28.0,0.2208364024,0.469925548,1.465263158,11.36842105,975.8421053,0.9173273743,-0.5059165573,-2.449609759,,28.725,0.2208364024,0.469925548,28.0,7.15,False,28.03987,7.146069
6.0,30.0,0.06701619441,0.1292653959,5.704761905,12.33333333,39.9047619,0.2208109143,0.08936063396,62.50484639,1.766545819,7.8,0.06701619441,0.1292653959,30.0,6.0,False,29.053617,5.9723945
4.0,26.0,0.09398160607,0.1655548331,3.446153846,20.23076923,77.73076923,0.6130477231,0.08782406389,37.57548398,2.146259856,9.75,0.09398160607,0.1655548331,26.0,4.0,False,27.028366,4.2566595
14.28,30.2,0.2098195715,0.3124383381,1.091538462,17.0,610.0769231,1.824779608,-0.297638585,-3.130035557,,18.75,0.2098195715,0.3124383381,30.2,14.28,False,29.766344,14.260114
16.94,29.0,0.2307925914,0.4232513111,1.196538462,12.5,787.0769231,1.288584895,-0.363825612,-2.666267435,,25.75,0.2307925914,0.4232513111,29.0,16.94,False,28.71743,17.045534
15.82,29.0,0.1619473403,0.3108028792,1.930625,76.9375,348.5625,4.507274701,-0.03775962084,-45.20603512,,16.85,0.1619473403,0.3108028792,29.0,15.82,False,28.260408,15.677013
0.0,27.0,0.07030045132,0.08263548758,3.279047619,25.85714286,60.9047619,0.8051075577,0.02173072568,147.7925022,1.720014793,4.8,0.07030045132,0.08263548758,27.0,0.0,False,27.642796,-0.055749755
0.07,31.0,0.1504918888,0.2666982118,1.95,44.44,89.13,2.605558711,0.1775682118,9.605234356,2.97721149,15.0,0.1504918888,0.2666982118,31.0,0.07,False,29.942661,-0.0033763926
7.11,31.0,0.2113653284,0.2854159103,0.981,23.25,517.375,2.818428338,-0.2319590897,-3.556350565,,16.8,0.2113653284,0.2854159103,31.0,7.11,False,30.263533,7.151014
15.7,28.0,0.1719801499,0.3716622779,2.02,22.538,801.529,1.219113784,-0.4298667221,-4.300681763,,21.75,0.1719801499,0.3716622779,28.0,15.7,False,27.220772,15.694088
6.15,26.0,0.2232369267,0.3235815982,0.985,25.875,524.25,3.265062911,-0.2006684018,-3.949206227,,18.85,0.2232369267,0.3235815982,26.0,6.15,False,27.161768,6.33423
17.3,28.0,0.2227510462,0.347559422,1.063125,16.4375,675.375,1.858585101,-0.327815578,-2.697886822,,20.85,0.2227510462,0.347559422,28.0,17.3,False,28.68317,17.29746
21.9,28.3,0.226619289,0.5112073128,1.505,20.909,964.125,1.693277833,-0.4529176872,-2.726376055,,29.9,0.226619289,0.5112073128,28.3,21.9,False,27.354902,21.903831
32.5,18.4,0.1824617072,0.3462402298,1.65,28.43,754.22,1.905094057,-0.4079797702,-3.657815606,,20.0,0.1824617072,0.3462402298,18.4,32.5,False,20.963139,32.5405
10.0,30.0,0.07759909747,0.1042408613,3.321153846,56.57692308,70.34615385,1.749170858,0.03389470741,95.42786384,2.08828785,5.75,0.07759909747,0.1042408613,30.0,10.0,False,29.663185,9.944177
0.11,25.0,0.2304226093,0.3700944421,1.05,25.39,270.2,3.396857476,0.09989444205,7.482453904,3.131335034,21.5,0.2304226093,0.3700944421,25.0,0.11,False,26.332226,0.054851748
20.81,26.0,0.200604274,0.3020491187,1.166,51.5,361.937,5.395861731,-0.05988788132,-15.93703284,,16.85,0.200604274,0.3020491187,26.0,20.81,False,26.796597,20.801554
0.13,26.0,0.1734666346,0.2813158602,1.5,15.55,443.0,1.169670579,-0.1616841398,-8.222415268,,17.0,0.1734666346,0.2813158602,26.0,0.13,False,26.219398,0.16753346
5.0,29.0,0.1211630718,0.2263592567,2.679285714,37.78571429,181.4285714,1.51246697,0.04493068529,55.60306024,2.221352095,12.825,0.1211630718,0.2263592567,29.0,5.0,False,29.320896,4.987818
10.21,29.0,0.05189641513,0.0657877657,5.124615385,30.03846154,10.30769231,0.5934807481,0.05548007339,91.22923299,1.807360509,3.75,0.05189641513,0.0657877657,29.0,10.21,False,28.910236,10.156912
0.05,30.0,0.1438224511,0.2980265554,2.41,33.86,100.0,1.584483892,0.1980265554,10.79134786,2.820404497,17.0,0.1438224511,0.2980265554,30.0,0.05,False,28.624662,0.067373514
6.67,29.0,0.1275388052,0.2461033675,2.599230769,46.96153846,76.11538462,1.979698365,0.1699879828,13.95484674,2.776144106,13.75,0.1275388052,0.2461033675,29.0,6.67,False,28.58258,6.731643
5.0,29.0,0.1212089852,0.2159804042,2.554285714,68.0,21.47619048,2.901426974,0.1945042137,12.04947859,2.922097642,11.8,0.1212089852,0.2159804042,29.0,5.0,False,29.043386,5.007338
3.0,30.0,0.09463102913,0.1510390423,3.09625,5.0,145.4375,0.1676968658,0.005601542308,532.2766782,0.8665644458,9.85,0.09463102913,0.1510390423,30.0,3.0,False,29.398722,2.9687774
0.05,21.0,0.1032349997,0.2314276736,3.91,39.15,129.73,1.054970334,0.1016976736,36.4905577,2.277152071,13.0,0.1032349997,0.2314276736,21.0,0.05,False,23.43145,0.101976745
5.93,26.0,0.0660591525,0.1289611577,5.876190476,11.80952381,67.61904762,0.2048794085,0.06134211005,93.96700042,1.588575846,7.8,0.0660591525,0.1289611577,26.0,5.93,False,26.225676,5.9288063
11.42,27.0,0.03488910256,0.03181953891,5.99,21.3125,13.25,0.3575027286,0.01856953891,321.036133,1.235390354,1.85,0.03488910256,0.03181953891,27.0,11.42,False,26.985506,11.387681
1.53,27.0,0.2278383378,0.4112457158,1.196363636,13.54545455,749.0909091,1.393005432,-0.3378451933,-2.878213652,,24.9,0.2278383378,0.4112457158,27.0,1.53,False,27.881935,1.7303607
20.81,26.0,0.2350242243,0.2865867119,0.778125,23.3125,553.5625,3.700814412,-0.2669757881,-2.359498281,,16.85,0.2350242243,0.2865867119,26.0,20.81,False,27.139502,20.724327
0.14,26.0,0.2292447666,0.3659035739,1.05,30.68,295.65,4.047445741,0.07025357388,10.78961374,3.045903937,21.0,0.2292447666,0.3659035739,26.0,0.14,False,27.175642,0.2236108
7.11,31.0,0.1781506962,0.3059611687,1.537619048,64.71428571,414.9047619,4.846117847,-0.1089435932,-12.25757321,,16.8,0.1781506962,0.3059611687,31.0,7.11,False,29.223335,7.088269
20.0,28.1,0.2228877916,0.3954924471,1.208095238,15.04761905,783.3809524,1.492156126,-0.3878885053,-2.599839942,,23.8,0.2228877916,0.3954924471,28.1,20.0,False,27.861265,19.983713
0.03,32.0,0.06036663081,0.1438886546,8.01,37.86,-51.7,0.4820973085,0.1955886546,40.15154336,2.073335384,8.0,0.06036663081,0.1438886546,32.0,0.03,False,31.313677,0.048421886
31.0,29.0,0.2298975172,0.4247456024,1.211176471,13.1372549,773.0588235,1.340952766,-0.3483132212,-2.812685579,,25.75,0.2298975172,0.4247456024,29.0,31.0,False,28.404505,30.671616
18.0,29.0,0.08266657109,0.1512408316,4.186666667,23.0,20.04761905,0.5692452522,0.1311932126,30.79761262,2.208502576,8.8,0.08266657109,0.1512408316,29.0,18.0,False,28.042343,17.996847
4.0,26.0,0.03883987485,0.02973790276,4.410769231,19.69230769,8.884615385,0.4492624546,0.02085328737,210.1947958,1.441434299,1.75,0.03883987485,0.02973790276,26.0,4.0,False,27.042711,4.0825076
42.5,22.6,0.181542783,0.2427765178,1.17,19.51,495.52,1.85614455,-0.2527434822,-4.158775819,,14.5,0.181542783,0.2427765178,22.6,42.5,False,25.163378,42.399822
10.0,34.0,0.06098078737,0.09323226954,5.074615385,36.11538462,37.38461538,0.7236494442,0.05584765415,89.36327487,1.863399839,5.25,0.06098078737,0.09323226954,34.0,10.0,False,32.40847,10.030914
5.32,28.0,0.1518886584,0.2660875205,1.906,20.576,293.615,1.200945841,-0.02752747947,-62.24021459,,15.75,0.1518886584,0.2660875205,28.0,5.32,False,28.276546,5.2778454
14.46,29.0,0.232618541,0.4301748636,1.195,14.845,872.5625,1.510225542,-0.4423876364,-2.22195577,,25.85,0.232618541,0.4301748636,29.0,14.46,False,28.639803,14.487176
19.5,29.6,0.1179818234,0.2479817269,3.114,42.727,100.727,1.477829263,0.1472547269,19.63400486,2.582701273,13.9,0.1179818234,0.2479817269,29.6,19.5,False,28.038965,19.480043
7.0,29.0,0.04519210934,0.1067767176,11.31076923,56.5,36.80769231,0.5038706884,0.0699690253,160.2594061,1.565676856,5.75,0.04519210934,0.1067767176,29.0,7.0,False,28.826956,6.952013
8.69,26.0,0.09648355876,0.1953904428,3.836538462,14.34615385,74.96153846,0.3919833685,0.1204289044,30.39044839,2.14723498,11.75,0.09648355876,0.1953904428,26.0,8.69,False,26.750702,8.725729
34.49,30.0,0.2315958308,0.4922047512,1.380769231,13.03846154,886.1923077,1.174517076,-0.3939875565,-2.817633548,,29.75,0.2315958308,0.4922047512,30.0,34.49,False,29.27791,34.49927
0.09,28.0,0.1878901209,0.2575640396,1.15,28.0,339.58,2.864945565,-0.08201596038,-11.91635086,,15.0,0.1878901209,0.2575640396,28.0,0.09,False,28.440056,0.058284465
0.03,33.0,0.07124013902,0.09395982685,3.62,98.53,7.96,2.792776568,0.08599982685,41.02368926,2.494793913,5.0,0.07124013902,0.09395982685,33.0,0.03,False,32.2533,0.005905838
15.0,32.0,0.127412473,0.2345883542,2.483076923,22.96153846,201.6923077,0.998800389,0.03289604648,69.88413173,2.032184374,13.75,0.127412473,0.2345883542,32.0,15.0,False,29.610832,14.860368
13.45,27.0,0.2040762825,0.3350496418,1.245,21.576,524.346,2.072549097,-0.1892963582,-5.499508115,,19.75,0.2040762825,0.3350496418,27.0,13.45,False,27.849049,13.349229
0.04,30.0,0.05753552351,0.121087082,7.5,21.31,-4.16,0.2888366367,0.125247082,58.90654538,1.83104655,7.0,0.05753552351,0.121087082,30.0,0.04,False,29.476145,0.039272882
8.0,30.0,0.1172248747,0.3199509858,4.075625,106.1875,61.25,2.81590771,0.2587009858,14.57662213,2.847252039,16.85,0.1172248747,0.3199509858,30.0,8.0,False,29.093185,8.021817
0.05,29.0,0.1719663151,0.3311250068,1.8,31.74,183.7,2.095326125,0.1474250068,10.27505459,2.901427546,19.0,0.1719663151,0.3311250068,29.0,0.05,False,28.099213,0.024812806
0.05,30.0,0.1070811856,0.2413954425,3.76,42.32,43.47,1.199046183,0.1979254425,17.83233127,2.570994383,13.5,0.1070811856,0.2413954425,30.0,0.05,False,28.52586,0.13278091
14.92,29.0,0.2247719012,0.4206898778,1.26125,19.3125,837.375,1.839454117,-0.4166851222,-2.519657689,,24.85,0.2247719012,0.4206898778,29.0,14.92,False,28.460835,14.910401
1.0,26.0,0.1920226284,0.3222169051,1.370769231,26.38461538,392.1923077,2.301116878,-0.06997540261,-16.38576357,,18.75,0.1920226284,0.3222169051,26.0,1.0,False,27.211622,0.9585337
6.33,28.0,0.0854539925,0.09519573579,2.448,15.846,22.538,0.6718851573,0.07265773579,32.45956867,2.221072975,5.75,0.0854539925,0.09519573579,28.0,6.33,False,28.64697,6.2289987
10.0,29.5,0.09648256903,0.1953859888,3.836538462,14.34615385,56.88461538,0.3924675098,0.1385013734,26.39232764,2.204250466,11.75,0.09648256903,0.1953859888,29.5,10.0,False,28.687551,9.967411
7.59,28.0,0.06818138265,0.1009802524,4.289,28.095,-8.714,0.6711912454,0.1096942524,38.15916656,2.159153984,5.8,0.06818138265,0.1009802524,28.0,7.59,False,28.417513,7.6251564
5.93,26.0,0.07899629654,0.1281119564,3.923,12.142,113.333,0.3175855926,0.01477895643,258.69359,1.28015044,7.8,0.07899629654,0.1281119564,26.0,5.93,False,26.971073,5.9201818
6.86,27.0,0.1111907411,0.1766067081,2.53,13.57692308,36.0,0.5747105329,0.1406067081,16.80142664,2.449038895,10.75,0.1111907411,0.1766067081,27.0,6.86,False,27.877417,6.9736423
0.05,36.0,0.03107207905,0.03802392703,9.26,89.21,-11.94,0.9676763899,0.04996392703,184.5129401,1.703918008,2.0,0.03107207905,0.03802392703,36.0,0.05,False,33.404366,-0.014094019
0.04,32.0,0.05672229488,0.1140317233,7.29,94.63,294.52,1.305313707,-0.1804882767,-40.16658816,,6.0,0.05672229488,0.1140317233,32.0,0.04,False,31.884388,0.077338025
14.3,29.2,0.06818261954,0.1009854445,4.289047619,28.0952381,33.76190476,0.6694917276,0.06722353974,62.42608864,1.974330689,5.8,0.06818261954,0.1009854445,29.2,14.3,False,29.866297,14.219736
29.0,22.0,0.2241035273,0.4288432162,1.294230769,15.11538462,863.6923077,1.397876262,-0.4348490915,-2.486634216,,25.75,0.2241035273,0.4288432162,22.0,29.0,False,24.22284,29.013817
0.15,25.0,0.2118020644,0.3507377461,1.2,34.9,371.73,3.704117419,-0.02099225395,-44.88297237,,20.0,0.2118020644,0.3507377461,25.0,0.15,False,25.911963,0.35473236
25.0,27.0,0.05488144165,0.04965865508,3.416153846,53.61538462,57.84615385,1.585805111,-0.008187498767,-412.9413421,,2.75,0.05488144165,0.04965865508,27.0,25.0,False,28.135283,24.882544
10.0,29.5,0.08104899099,0.1721835873,4.980384615,32.80769231,31.03846154,0.6812284139,0.1411451258,34.12063021,2.20484208,9.75,0.08104899099,0.1721835873,29.5,10.0,False,28.459738,9.99132
1.4700139266916736,22.6,0.181542783,0.2427765178,1.3057007046944067,19.183720262145286,511.1972966985849,1.837312177681821,-0.24632680137615884,-0.6179414969555981,,14.757048819050814,0.13515602556407733,0.2427765178,28.839582003321343,42.5,True,27.95975,42.18395
6.1996449554365265,18.4,0.1824617072,0.3462402298,1.651508920486728,28.42826174885435,762.9807412398097,1.952567820051957,-0.4086268827830146,-2.6001936308482922,,19.91093884437532,0.1995222718346501,0.3462402298,29.176730676045768,32.5,True,28.11031,32.41124
31.454411070418452,26.0,0.1734666346,0.2813158602,1.4212644040474864,14.605150851305769,418.49368280557235,1.1580402456921688,-0.16365466971564857,-4.106448716824007,,16.779835983055666,0.16461360429959032,0.2813158602,25.33025650890918,0.13,True,25.659605,0.17674744
32.3353108825641,27.0,0.07030045132,0.08263548758,3.343703547941117,26.09117080624906,57.55524786948912,0.807236763105227,0.021336492035424724,141.71358866289071,1.720014793,5.270433599776221,0.07855123695936388,0.08263548758,29.217174828425378,0.0,True,28.844484,0.053580802
-1.0943906703054502,29.0,0.1719663151,0.3311250068,1.8134265435825627,31.575927001277947,177.013861601033,2.0787663701478816,0.14659449878925387,9.684869923512114,2.901427546,19.06016847270432,0.18398775884178065,0.3311250068,29.20298478247362,0.05,True,28.789991,0.031018361
6.526761645356695,30.0,0.1438224511,0.2980265554,2.4409444910553715,33.26606687815004,100.73882811045638,1.6377933488910572,0.20183143147305266,16.538882444895822,2.820404497,17.150072344387862,0.18332870606756496,0.2980265554,30.678208650708353,0.05,True,30.026495,0.12740746
31.57914761260984,26.0,0.200604274,0.3020491187,1.0886159918795526,52.778253152124094,367.6228683919163,5.389121789217018,-0.05504970904458069,-17.258645787473196,,16.569922264474734,0.20403387950184035,0.3020491187,29.724176091536417,20.81,True,28.718164,20.68882
8.067593331556557,26.0,0.2350242243,0.2865867119,0.8273082273283859,22.655641260785018,551.3381549793211,3.6551738468049,-0.2744296942354936,-11.061353783877038,,17.048058482979958,0.1734986772159721,0.2865867119,29.995526775194957,20.81,True,29.848368,20.811787
13.094418918515295,29.0,0.1719663151,0.3311250068,1.7402406758608377,32.17019799961665,179.41644251817303,2.0937696835650135,0.14204354213422793,12.539217998689022,2.901427546,18.938914502303614,0.20376422021410703,0.3311250068,29.93437986242183,0.05,True,29.535217,0.11137889
16.952546433214565,28.0,0.0854539925,0.09519573579,2.590552062725094,15.754841344199686,27.528122970752964,0.6836786053473005,0.07761550347582581,31.029863519971975,2.221072975,5.638206054437723,0.08242115606484571,0.09519573579,34.517325959219626,6.33,True,32.512283,6.412142
5.191559691383269,33.0,0.07124013902,0.09395982685,3.6410919149916348,98.89994241618274,16.30910266828621,2.756092661017551,0.08566722277845853,43.31343401940148,2.494793913,4.560301070808809,0.05929114776741772,0.09395982685,29.932201520972793,0.03,True,30.033789,0.056574017
6.833768492206256,30.0,0.07759909747,0.1042408613,3.4027000231713536,55.978433245601316,63.622604330953166,1.784056542982549,0.03420710224199798,97.3361850784336,2.08828785,5.600654945203787,0.0645447100127135,0.1042408613,28.970260225442043,10.0,True,29.183788,10.000358
21.392561664496213,30.0,0.1438224511,0.2980265554,2.4084202314429417,34.43581507495638,99.59777071297344,1.522847101901668,0.2078895213896902,5.241350182915275,2.820404497,16.748861145758067,0.1850553519954279,0.2980265554,28.773612261347605,0.05,True,29.009233,0.050049894
-0.8681822618227997,26.0,0.2350242243,0.2865867119,0.8023873466212033,24.217932996346235,559.3988654220981,3.6719296913975885,-0.27675795096938427,-3.987207382057117,,16.527598216478456,0.16298539192017347,0.2865867119,29.758404234117343,20.81,True,29.085155,20.775202
-0.25278945004203657,30.2,0.2098195715,0.3124383381,1.0898255641450119,16.58309998531354,600.6380813431206,1.8067444981371263,-0.30338361343806886,-2.794342199725126,,18.62153384586205,0.1835648701009034,0.3124383381,30.469686709007927,14.28,True,28.98087,14.326936
7.392909358701307,21.0,0.1032349997,0.2314276736,3.8305647705235253,39.208744866483606,141.04782148762314,1.0096212799733937,0.10170267224132101,36.12821074242782,2.277152071,13.046946405571807,0.12569849817249046,0.2314276736,27.076071464795398,0.05,True,27.526983,0.06510012
33.8181216280153,29.0,0.2247719012,0.4206898778,1.289192839658137,19.847510867131888,848.829286240277,1.8531005370990206,-0.41801812653069664,-8.445193854559486,,24.80872969983981,0.2886275574111418,0.4206898778,31.203048053392035,14.92,True,30.64214,15.012367
-1.7515527326885432,27.0,0.05488144165,0.04965865508,3.411208032243507,54.07538444712476,38.703197699459885,1.595913887469797,-0.010599308825511031,-416.83760476438056,,2.712045449599249,0.023575259761129976,0.04965865508,27.022404194936545,25.0,True,27.17639,25.028349
-0.06490494244505217,28.0,0.1878901209,0.2575640396,1.2343530921343717,28.003370052267584,341.28787417354886,2.809145041218282,-0.09604511339916787,-9.786454225367706,,15.122275610565273,0.1445016513399524,0.2575640396,29.304797319634392,0.09,True,28.238266,0.19284229
0.07027183019750997,26.0,0.03883987485,0.02973790276,4.379185980706241,19.133737720209677,12.664485472631783,0.4414831813343855,0.022115982611733982,207.76029345668232,1.441434299,1.5252597357880433,0.017821836468884415,0.02973790276,30.834412653746217,4.0,True,29.599428,3.997101
16.34786670788618,29.0,0.1719663151,0.3311250068,1.797082902839254,31.299424859494206,198.45267783677704,2.1010105151876024,0.15159650882975964,8.161070874947784,2.901427546,19.269475580214554,0.19164021332979003,0.3311250068,27.89603739584402,0.05,True,27.941326,0.042225536
20.821537294323395,29.0,0.1212089852,0.2159804042,2.4935068090881254,66.97359950939902,5.269278346330449,2.8973743069183686,0.18883167757212765,18.38196454073544,2.922097642,11.992336257200458,0.13344527492710895,0.2159804042,27.539946301738407,5.0,True,28.377659,4.871155
9.398432100198121,21.0,0.1032349997,0.2314276736,3.899905772885242,38.70922161603333,127.76202294332745,1.0370937916195107,0.10466033832275849,36.690498908009175,2.277152071,13.257192563781762,0.13795820163315312,0.2314276736,29.052492705923154,0.05,True,28.274435,0.0075075277
8.839227436166416,27.0,0.1111907411,0.1766067081,2.578416143128637,13.845991015393832,48.03226366283407,0.5699823642348342,0.13624330399438148,10.542593906962303,2.449038895,11.40848824023124,0.12028079893916449,0.1766067081,32.252561080345416,6.86,True,30.770475,6.7883615
5.706409121371799,26.0,0.2292447666,0.3659035739,1.035096395163427,30.510998669620154,297.78526736911084,4.044140325486741,0.06951611946155332,10.882917094402352,3.045903937,21.04487221575799,0.2141680975342434,0.3659035739,29.67092413165703,0.14,True,28.262625,0.11242888
-0.4854819935640268,30.0,0.1070811856,0.2413954425,3.703045957776229,41.783092784253334,45.82601298536317,1.1778700804163522,0.2068805987210365,14.888552034579359,2.570994383,13.20882081335596,0.1356085426450197,0.2413954425,29.413452673387255,0.05,True,29.462742,0.022729216
15.39519282893706,27.0,0.05488144165,0.04965865508,3.37459152517401,53.192846012095245,59.05110899764794,1.491896219824846,-0.008418107081901143,-413.8248868213032,,2.7981542055362945,0.04303253140129859,0.04965865508,29.097961329074714,25.0,True,28.137604,25.028511
43.03383912478749,29.0,0.2307925914,0.4232513111,1.2602544955425026,11.899286937754948,789.4730400562728,1.214754471353246,-0.3705098530373455,-3.7741905054907523,,25.39090612106985,0.2900139427680639,0.4232513111,30.264870652831547,16.94,True,30.46541,16.966482
4.803731577259435,27.0,0.2278383378,0.4112457158,1.2116940773768978,13.844304702936485,780.7485537958988,1.4073164167742287,-0.3315006184658778,-5.3654228088164375,,24.708890193252593,0.24559834809101266,0.4112457158,30.350036512417056,1.53,True,29.721472,1.6467443
20.153654206862175,18.4,0.1824617072,0.3462402298,1.6900028180121536,28.02603505043143,751.543935807172,1.946099466582912,-0.40489059934080796,-7.436238558218118,,20.041307101131963,0.13950107832257425,0.3462402298,19.01883832905272,32.5,True,19.74824,32.461445
33.39641140066041,25.0,0.2118020644,0.3507377461,1.2053141448211895,34.50930436115693,353.92593786607864,3.664984611826962,-0.0047328241460586305,-44.15852993329409,,20.174602232352097,0.22650209249056366,0.3507377461,28.835861512156963,0.15,True,28.338089,0.17996179
7.179003368916609,28.0,0.2208364024,0.469925548,1.4102217857974595,11.600356115454344,966.1629115303712,0.9407886273149825,-0.5084242427852325,-5.256680559450204,,28.73317476460143,0.2884546796898518,0.469925548,30.90278619320143,7.15,True,30.42096,7.177622
-0.5183087429525736,30.2,0.2098195715,0.3124383381,1.1785505548567612,16.843156847747256,630.1690756722007,1.8507957204921264,-0.29588983783249606,-1.5225635534179431,,18.54935767586116,0.1658911851318355,0.3124383381,28.040455571186875,14.28,True,27.960302,14.533679
6.550895487059459,26.0,0.2350242243,0.2865867119,0.776907119889869,22.640703600177652,545.3955346338704,3.6613308608603745,-0.2673686129616859,-2.189600494539492,,17.0404424691077,0.17835639000334289,0.2865867119,30.94221086440936,20.81,True,30.112978,20.784298
1.4636052748203547,32.0,0.07934535359,0.09167927964,2.7202118030234623,4.097290090703204,-44.48971249173071,0.19910882387126258,0.1450503481925951,19.799447507066635,2.236327769,6.344488014064484,0.06404106137800017,0.09167927964,34.316242837311655,0.04,True,32.888515,0.009248551
7.8434556642220565,29.0,0.05189641513,0.0657877657,5.19498597201994,30.336170012295156,-4.824047972104269,0.5491087195598248,0.043546236774692715,89.71664435598105,1.807360509,3.8774737190602115,0.044209342459046945,0.0657877657,28.9327568193388,10.21,True,28.603786,10.066425
0.45570304395927613,30.0,0.07759909747,0.1042408613,3.2432881861680847,56.67899933015228,67.26935553563348,1.7522084325993859,0.035306211700933676,100.47070707930676,2.08828785,5.6388066918016335,0.06562037748575737,0.1042408613,32.01097020777457,10.0,True,30.738802,9.85673
1.1584858548625867,28.0,0.1878901209,0.2575640396,1.1875632080072553,27.531378112268154,355.97375416367424,2.9331880888447968,-0.0911274201678742,-11.904689668884341,,15.253075468865188,0.14894762239742831,0.2575640396,29.84701822817333,0.09,True,28.831072,0.04262059
3.3398898401228063,29.0,0.1619473403,0.3108028792,1.8459608110595516,76.40001956793456,337.5640222638699,4.534861114201875,-0.041007003022915954,-46.42733537365484,,16.53406620141184,0.15534198558780757,0.3108028792,26.06153239607848,15.82,True,26.585255,15.7816515
7.528804943399364,28.0,0.1518886584,0.2660875205,1.9471306612169577,20.539029106101015,295.04059518292394,1.187299125850564,-0.026559585718020532,-66.46140378086828,,15.425492262928364,0.14050010363679005,0.2660875205,26.55256748422063,5.32,True,27.202053,5.272327
-1.1660880833723732,34.0,0.06098078737,0.09323226954,5.11500820231676,36.93802583207666,37.138539282216804,0.7036351811936978,0.04951931477924742,88.11207158551188,1.863399839,5.361053964276323,0.05255737483232094,0.09323226954,29.951943770592873,10.0,True,29.429653,10.097515
-0.4731100190788053,22.0,0.2241035273,0.4288432162,1.412328921167477,14.841271815242337,856.7497935164015,1.3489396218557983,-0.4345552023133475,-0.3574209414047602,,25.52464629420727,0.21639706975340212,0.4288432162,26.8261669709199,29.0,True,27.43895,28.968847
8.968278520284512,29.5,0.08104899099,0.1721835873,5.010933937135559,33.20343365654966,27.047083106136423,0.7068972043133342,0.1577789067804354,30.62749888389394,2.20484208,9.628769124491777,0.07473884203666997,0.1721835873,20.905821128327695,10.0,True,23.160679,10.069549
4.610688148172746,29.0,0.232618541,0.4301748636,1.1766846295205013,14.47245890980163,891.6051372249672,1.5379971845887117,-0.43675823708160705,-3.893363287963548,,25.506537299996253,0.2368986932774001,0.4301748636,28.368384123321306,14.46,True,28.351217,14.474745
5.640062469714117,27.0,0.05488144165,0.04965865508,3.4490864384468725,54.41277314713155,55.9285988713931,1.5930730092686174,0.002285746839757935,-409.5089494738834,,2.7249151923521207,0.0330138310407153,0.04965865508,28.865251066133784,25.0,True,28.395761,24.964048
30.20683417530597,27.0,0.2040762825,0.3350496418,1.2620637883918697,21.7489158227264,527.0032128644635,2.066060046860172,-0.18523075179434995,-5.761428068243036,,19.888093924560454,0.21814538416593013,0.3350496418,29.289264416963128,13.45,True,28.769268,13.378794
31.89640257908428,30.0,0.07759909747,0.1042408613,3.391401743764578,55.745108062304645,75.97410711093286,1.7280384617947666,0.043111353776738554,98.33744879575343,2.08828785,5.690007924949141,0.08734136115911528,0.1042408613,28.008187851523815,10.0,True,28.767742,10.0584
17.86357305819408,32.0,0.127412473,0.2345883542,2.459378115506337,22.52902568112325,209.21870015899526,1.0340790613348716,0.03292786797685119,72.31698517289142,2.032184374,13.697807617936068,0.13308253345950086,0.2345883542,26.158137965008187,15.0,True,27.82506,14.959624
7.353386786378306,26.0,0.07899629654,0.1281119564,3.8625556011861297,12.628047563828344,127.05971471750135,0.32549721632087536,0.021670406680387656,258.61074385403265,1.28015044,7.490457250625891,0.07202086150047102,0.1281119564,26.78341789659506,5.93,True,26.727598,6.003802
17.7320932153823,28.0,0.2227510462,0.347559422,0.9955239371556546,16.91220593898787,683.9385155859339,1.8564555615613016,-0.3440503382846149,-7.857792196517704,,20.81517170627414,0.217044715935315,0.347559422,29.83269483196146,17.3,True,29.24843,17.316818
11.641882479925519,30.0,0.2315958308,0.4922047512,1.3588708629951693,12.906633833706238,894.9635093858025,1.1676565127663072,-0.39634440895364886,-1.445555739167564,,29.50999065217741,0.29813401929189387,0.4922047512,30.20192428715839,34.49,True,30.568157,34.512726
0.9128464050990677,32.0,0.06036663081,0.1438886546,7.966808154082576,37.65246715922699,-42.76912112546574,0.5364382524330422,0.19558740158821836,40.79022740632628,2.073335384,7.95016943501468,0.08207364625008229,0.1438886546,29.425293773097465,0.03,True,29.736717,0.04200476
0.7338674953756331,31.0,0.2113653284,0.2854159103,0.908638322254784,23.464290453436263,503.31331605290603,2.824415576408895,-0.23695532748955864,0.36822586509570554,,16.849679339931903,0.168887045975916,0.2854159103,30.504524298185245,7.11,True,30.61339,7.2111096
14.544712823956845,30.0,0.1438224511,0.2980265554,2.4208332659041987,34.46748230594848,96.23844508187383,1.569460655071644,0.20242034101304685,9.224345657458134,2.820404497,17.24748614703418,0.15642756787541864,0.2980265554,25.45792997695634,0.05,True,26.981022,0.016706679
17.368324118803905,28.3,0.226619289,0.5112073128,1.58624589676893,21.47766679671872,958.8696672023029,1.7529929033845582,-0.44791463512637725,-0.7355387156705275,,29.576533220176376,0.32865650881837677,0.5112073128,31.338384025207485,21.9,True,30.269896,21.923244
25.60767222659196,29.0,0.1275388052,0.2461033675,2.578479055999886,46.899737658763975,85.76760334041253,1.9643446789986203,0.17984192177611405,12.22357245738598,2.776144106,13.632873250890862,0.1674340414865399,0.2461033675,29.95432292510121,6.67,True,29.90643,6.635619
9.648850480875208,26.0,0.03883987485,0.02973790276,4.41619808508101,18.54957188403765,-11.459755231461184,0.4236495857463948,0.011042143165983285,211.1635552252382,1.441434299,1.6163787917099235,0.02639227693350374,0.02973790276,29.380955314490397,4.0,True,29.604202,4.006501
17.094786403925895,27.0,0.2278383378,0.4112457158,1.158064749940772,13.745388713710357,730.1605205363799,1.439730073190893,-0.34298562712712927,-5.914406603264011,,24.92163148349799,0.23862421827947988,0.4112457158,28.310414059756056,1.53,True,28.35729,1.5424854
13.5979299723927,26.0,0.2350242243,0.2865867119,0.7926279032983555,23.991636159036755,557.3186832236047,3.671463320866434,-0.26854144861555146,-6.63191533656096,,16.815114994206304,0.17893783498202057,0.2865867119,29.981851973289363,20.81,True,29.789131,20.80908
9.171592536497053,28.3,0.226619289,0.5112073128,1.520568763745616,19.68780834337257,970.1073665052714,1.650922564113113,-0.4563830426484233,-3.655918062807341,,30.211973815366903,0.27487967549866094,0.5112073128,27.463868503807454,21.9,True,27.906164,21.859074
0.40591336974856207,30.0,0.06701619441,0.1292653959,5.686809662228263,12.108837261131837,49.990055989552495,0.26761871090355316,0.0984819705356153,73.95853356220461,1.766545819,7.524425384067754,0.04381090937257921,0.1292653959,18.561125499097002,6.0,True,19.686497,6.032426
6.083543928144374,29.0,0.232618541,0.4301748636,1.1879890342293284,14.343360392963863,883.6741792458204,1.4835205428789315,-0.44261634918641685,2.1489209142920185,,25.61530841166788,0.2555242996269253,0.4301748636,30.10768660621785,14.46,True,30.187452,14.49159
14.60937916501743,30.0,0.1438224511,0.2980265554,2.4425170976506267,35.18182312751252,109.748152984005,1.606688867489471,0.20217729899588094,13.737887760616312,2.820404497,16.911469161623423,0.1825606768504679,0.2980265554,29.403204915961602,0.05,True,29.574509,0.062620975
19.526471556606293,36.0,0.03107207905,0.03802392703,9.158303641606658,89.78390621643727,-2.6393721628999938,0.9993604340637631,0.04459037904491213,185.39445094258022,1.703918008,1.8808066034215398,0.045475727592503776,0.03802392703,34.31140423517214,0.05,True,34.030926,0.014884839
8.163007704408358,29.5,0.08104899099,0.1721835873,4.934847276069857,32.79603212639584,33.931516197889074,0.6640428416554381,0.14636359258999687,34.3857652269502,2.20484208,9.915755811201903,0.09721407281671743,0.1721835873,27.34740508754772,10.0,True,27.57599,9.896436
2.6106475490609555,26.0,0.2350242243,0.2865867119,0.7428479172414061,23.596487571429197,565.4712492543941,3.737107926215766,-0.27143731904436363,0.0500690836693507,,17.152964953820813,0.14596143000118475,0.2865867119,26.574235224586786,20.81,True,26.422115,20.720854
2.0087471526945535,30.0,0.1172248747,0.3199509858,4.067809098145521,106.50407992933894,47.174525203708086,2.819182964565597,0.260506603761042,14.604198149969443,2.847252039,17.157741911868868,0.1610151654825944,0.3199509858,26.426052076123295,8.0,True,27.29211,7.9891405
0.44049609143354485,31.0,0.1781506962,0.3059611687,1.4780544995961984,63.94249564677448,425.48884455691706,4.870848218786374,-0.11606365134899795,-11.709871029920471,,16.612511939769654,0.1690215397370275,0.3059611687,28.854252801448855,7.11,True,28.424044,7.1841254
0.48157301444614586,29.6,0.1179818234,0.2479817269,3.066771258393199,41.82520613586767,109.12640247909108,1.4551653454819444,0.15234917698653394,21.67922513760136,2.582701273,13.791706396190683,0.12044724928874231,0.2479817269,25.816221176417944,19.5,True,26.715511,19.450699
3.2011850627319065,30.0,0.05753552351,0.121087082,7.455602776758244,22.39098248024045,6.125948344001094,0.27836629130504964,0.12344471745348198,60.91469670374289,1.83104655,6.783826205204512,0.07317843452433194,0.121087082,30.02398081933385,0.04,True,29.990833,0.06131294
0.4897645457089943,29.0,0.04519210934,0.1067767176,11.410838855531813,56.57507429501295,35.79019934682312,0.4705378756895219,0.06403382978197977,157.2552010504749,1.565676856,5.7796417256624295,0.06373389615499117,0.1067767176,30.63837099663894,7.0,True,30.604113,7.0302334
-1.3845428796756363,29.0,0.232618541,0.4301748636,1.1990126986940342,14.823343324957698,867.8328759621717,1.5229855651399662,-0.44003897617316484,4.825826856496361,,25.67175692632285,0.2478558361767251,0.4301748636,30.087709656945037,14.46,True,29.847898,14.469338
19.984810587317686,27.0,0.07030045132,0.08263548758,3.2466476755615234,26.27208266605254,81.03759019346813,0.8243817353649904,0.02079378429848869,148.16042314059766,1.720014793,4.779461559305389,0.06255043220452186,0.08263548758,27.25304066128565,0.0,True,27.635073,0.19089067
6.93680843940411,22.6,0.181542783,0.2427765178,1.1958273308174177,18.813142139693195,495.5370465509846,1.8977551245035345,-0.2561900821488028,-2.031449048022043,,14.292407208335463,0.11912057364343738,0.2427765178,24.801023949859548,42.5,True,25.52184,42.529602
11.907582509746158,30.0,0.05753552351,0.121087082,7.493485063445471,21.8979688865432,7.305552424624635,0.2644780195993181,0.12644438506145458,57.504894777889085,1.83104655,7.088219713228356,0.08720669586871163,0.121087082,31.875794077102924,0.04,True,30.85051,0.12961
12.657685360148152,29.0,0.1719663151,0.3311250068,1.7618922845096494,32.71089095388493,180.55478384023874,2.0672547326361053,0.14746528386388055,7.417262104880983,2.901427546,18.601152479506094,0.19029919364031744,0.3311250068,28.212609748291783,0.05,True,28.20209,0.060251515
1.6462815239792616,28.0,0.06818138265,0.1009802524,4.327528283302673,28.00818923324232,-0.3567033480791473,0.7120933901713711,0.10926350617770342,38.9337447547582,2.159153984,6.097418499919547,0.056727941330697404,0.1009802524,28.61112527932578,7.59,True,27.589314,7.695561
16.433130144841442,27.0,0.07030045132,0.08263548758,3.2860253292275723,26.049745363129283,53.83450234054039,0.7967981826893095,0.021266715500671066,146.41111846535165,1.720014793,4.926678775084391,0.0626318353744464,0.08263548758,29.208078743703066,0.0,True,28.604353,-0.046025757
21.707288582132684,27.0,0.05488144165,0.04965865508,3.366799943993268,53.51648063825206,58.81961264075729,1.59178093292265,-0.010340294660778786,-414.88104982887666,,3.162010093384599,0.04615408834333311,0.04965865508,26.21087825688078,25.0,True,27.163055,25.027409
12.839828126931907,30.0,0.05753552351,0.121087082,7.530816158127123,21.51871648446907,-13.277274497287765,0.26195923821255773,0.12153179913826616,58.864214996622216,1.83104655,6.602285022090438,0.07360152419936174,0.121087082,26.647572647357492,0.04,True,27.375992,-0.021727538
1.7402209917244635,21.0,0.1032349997,0.2314276736,3.8786849894476103,39.42829864908615,127.06799671695401,1.0517090000128761,0.10135132775083933,35.263280478501265,2.277152071,12.971850325725116,0.13279041931164315,0.2314276736,29.521510453360992,0.05,True,28.85294,0.011823757
4.248432044912187,29.0,0.05189641513,0.0657877657,5.2659490144010315,30.097103404702374,15.923446085958599,0.6336144869713098,0.0473519940007791,89.83698094364486,1.807360509,3.9071699096623016,0.03703150579440856,0.0657877657,26.48779462045275,10.21,True,26.349634,10.139631
13.630985043799924,29.0,0.2247719012,0.4206898778,1.2879445058222772,18.594067962403976,826.0038178254588,1.8140778495904613,-0.41102710545144344,-1.4860186935116704,,24.66169725459853,0.2674963179803861,0.4206898778,31.108883857750932,14.92,True,30.924902,14.909957
6.94644871746115,28.0,0.1719801499,0.3716622779,1.9651400219861128,21.64081538930298,798.0968294339808,1.1998884998750066,-0.43319637575199876,-5.445491741602809,,22.141953535145085,0.2425084873859894,0.3716622779,32.366796436869365,15.7,True,31.363144,15.725415
0.8976220058241906,30.0,0.05753552351,0.121087082,7.496949990910651,21.12934534964666,-13.014351496367514,0.3147444965451808,0.12333369795641604,57.164497503966025,1.83104655,7.204098090065881,0.057210750811159436,0.121087082,24.94139828075968,0.04,True,25.84582,0.101390466
5.106554793081663,22.0,0.2241035273,0.4288432162,1.3208272124546034,15.426925140191216,871.7579294199509,1.3924937508026725,-0.4370721125529439,3.4100178893180417,,26.187272543075952,0.25423285860396294,0.4288432162,30.153430749315085,29.0,True,29.7712,29.054909
6.813415147438826,29.0,0.2247719012,0.4206898778,1.2691400630884633,18.740079514115966,818.0933828083282,1.8408901772665867,-0.4174745350496264,-2.8862554887174525,,24.933923990301487,0.21658654884332737,0.4206898778,26.502715788369944,14.92,True,27.392767,14.928807
2.095567305975483,32.0,0.07934535359,0.09167927964,2.7958737748171463,4.653018640252604,-40.17146087929801,0.2218014987178725,0.1479460051859372,20.964378314822135,2.236327769,6.145542833128861,0.05737833868886076,0.09167927964,31.090052989798167,0.04,True,31.64568,0.11129576
25.469749303815128,30.0,0.06701619441,0.1292653959,5.672729018084685,12.918176270407601,51.20963367637226,0.25263486128258106,0.09790834393978948,69.28412385796362,1.766545819,7.658300938506219,0.10173764280437043,0.1292653959,30.54103553586784,6.0,True,30.179077,5.9867787
20.590434696225223,18.4,0.1824617072,0.3462402298,1.6692652265241437,28.3786882954214,750.2337923942599,1.9307483423148761,-0.4182940650704363,-8.208026918392749,,20.275017033653796,0.21680532528554344,0.3462402298,29.540297070870185,32.5,True,28.735136,32.448704
20.031749605833998,26.0,0.1734666346,0.2813158602,1.5010475701115338,15.887243318414292,446.98711814072584,1.1490615847390182,-0.16551295401845592,-10.564718433687526,,17.18318614113697,0.16045749844284624,0.2813158602,26.527207885174168,0.13,True,26.37204,0.24070507
-0.536347814774395,18.4,0.1824617072,0.3462402298,1.724914523451565,28.834353952665282,758.5870578643231,1.9191820035428069,-0.39945518660981033,-5.626720682366386,,19.967427478846254,0.15599193057324406,0.3462402298,24.32677370465182,32.5,True,23.25299,32.541855
33.36165230803815,28.0,0.1518886584,0.2660875205,1.9451010228728773,19.801021001523573,294.66488748154967,1.2356050614270113,-0.03066221496552498,-60.922184945401845,,15.524628892921955,0.19377485307315861,0.2660875205,31.084043342626824,5.32,True,30.596865,5.286031
15.455760629167068,26.0,0.1920226284,0.3222169051,1.3878208152540112,26.360437395957412,396.1074150913123,2.318213166543465,-0.07380085725655956,-6.816936728840352,,19.04069238324866,0.1969015719229741,0.3222169051,29.384600247998037,1.0,True,28.756271,0.95660955
7.692155537991857,29.0,0.2247719012,0.4206898778,1.2741573769687886,21.598217793920135,818.2325831690537,1.8113301339103494,-0.40314237889420157,-2.18672476593687,,24.913390155023468,0.2463569667975138,0.4206898778,29.567009021021903,14.92,True,29.457136,14.967961
22.78186982572658,18.4,0.1824617072,0.3462402298,1.6014984907239525,28.81727992518987,756.0116383611121,1.867577905829136,-0.3958630834919756,-4.413136511601306,,20.28211173899416,0.21060791536650078,0.3462402298,28.478644772535265,32.5,True,28.29089,32.303894
26.111541663849767,25.0,0.2304226093,0.3700944421,0.963524639028371,24.27984978477023,279.3163128312585,3.384927011165706,0.08960445115417826,6.775487878973641,3.131335034,21.380972455075128,0.2315240794052232,0.3700944421,29.03147272283485,0.11,True,28.116812,0.099804565
-0.41126739423246306,29.0,0.1211630718,0.2263592567,2.717246620273565,38.244305992753,187.92534644653443,1.5331663530652788,0.04320041832790639,51.98039147438664,2.221352095,12.698977349850676,0.13076609965409605,0.2263592567,30.092704544485485,5.0,True,29.6967,5.1155653
7.610649535667943,28.0,0.1719801499,0.3716622779,2.012255984602286,22.272011628703005,804.2836912130736,1.2371543906437192,-0.42957798735438546,-4.915605852426756,,21.881290794683267,0.21315318139836703,0.3716622779,28.944163014611604,15.7,True,29.153292,15.705225
16.709320153333408,22.0,0.2241035273,0.4288432162,1.1959902554153903,14.491419510159847,867.6666971656941,1.4175777540100618,-0.4383085885567526,-7.28115836637058,,25.54482542338525,0.23374577709190072,0.4288432162,26.843855362786876,29.0,True,27.700636,28.763823
1.6607250160979496,36.0,0.03107207905,0.03802392703,9.314855512820557,89.67955006496291,2.3723263014841116,0.9590600317342034,0.05189908067288396,188.41786770378272,1.703918008,2.4215465110273016,0.017141137526274157,0.03802392703,22.152365245426456,0.05,True,23.118233,0.06606152
7.06503785490008,30.0,0.1172248747,0.3199509858,4.086733694101692,106.01006455680091,55.10911144836281,2.8539216271828445,0.25694674912900517,15.552272589203193,2.847252039,17.006937466037048,0.182282725029952,0.3199509858,28.70683877395027,8.0,True,28.260828,8.028533
18.99007643817869,28.0,0.1878901209,0.2575640396,1.1437662191729732,28.76920470437728,327.8762958547319,2.8616422915459414,-0.09146325186392194,-13.402498313872682,,14.880295451355796,0.15376747273734429,0.2575640396,27.622038119722095,0.09,True,28.13547,0.18110761
15.057318774151474,27.0,0.03488910256,0.03181953891,6.027659569352646,21.862321390235692,16.716467851238725,0.4255524656060692,0.007339228075228072,317.84676578470066,1.235390354,1.897053242094166,0.03357161911642433,0.03181953891,30.193121648836826,11.42,True,29.487974,11.475199
15.99570343695219,26.0,0.2350242243,0.2865867119,0.7512583992440909,22.31130471336845,558.3409993293234,3.674169806538014,-0.26638983098386926,-6.331813167290179,,17.040762122498272,0.12480738124181394,0.2865867119,20.790844136171174,20.81,True,22.53126,20.814394
0.5545759397582071,28.0,0.1518886584,0.2660875205,1.8445955563068217,21.484314515809572,282.1218868274883,1.218128445811366,-0.02785427313696482,-67.2607968123315,,15.71927860976645,0.16556306986162728,0.2660875205,31.804236772082525,5.32,True,30.587929,5.3767643
9.232797832541992,27.0,0.1111907411,0.1766067081,2.5219252439369897,13.05503025828239,21.927889675223476,0.5809357342019101,0.14104334415706743,19.482712376843956,2.449038895,11.094394093164235,0.09760311535547465,0.1766067081,26.582428285743628,6.86,True,26.962452,6.8244486
7.415893635008798,28.1,0.2228877916,0.3954924471,1.1423873080692961,15.102757148359428,780.9609824132219,1.4874469602043232,-0.3836511520314206,-4.302866275089856,,23.743082203197815,0.21405457893547208,0.3954924471,27.586371389183597,20.0,True,27.445818,19.961489
10.732448057730167,30.0,0.09463102913,0.1510390423,3.0694823430356624,6.604962862191006,168.82041059139488,0.20317414811360165,0.007121008398889543,532.5012795640724,0.8665644458,10.054893239231916,0.09355776740444997,0.1510390423,28.739053774827227,3.0,True,28.003149,3.030505
9.879224251796652,30.2,0.2098195715,0.3124383381,1.1130889145659322,17.931654144304694,628.9305763350137,1.8278351470707812,-0.2980366497996789,-1.4975693491629982,,18.814486818402006,0.18522747581436858,0.3124383381,29.302236024832858,14.28,True,29.093971,14.375387
3.562330423562541,30.0,0.1172248747,0.3199509858,4.026165038018507,105.39579454139701,61.88862770268734,2.8490303234313936,0.26709489484100324,10.384099017267275,2.847252039,16.755277006050676,0.1892386879498363,0.3199509858,30.12777237990975,8.0,True,29.684324,7.887424
5.881350284043278,29.0,0.232618541,0.4301748636,1.2322308609163946,15.134319747825566,872.2191262904637,1.457380044028464,-0.44163343728435955,-3.921918920823577,,26.186651958700303,0.2464720563786398,0.4301748636,29.21766668120861,14.46,True,29.504961,14.522241
0.5011814807277217,27.0,0.07030045132,0.08263548758,3.3082403364519033,26.40781125976382,52.43469071671132,0.8363169410838636,0.023906319220677534,150.5179422834319,1.720014793,4.617246299980027,0.04008392161491187,0.08263548758,25.594613509154236,0.0,True,25.654707,0.028292771
1.9583682398358335,28.0,0.1719801499,0.3716622779,1.8966096601895008,22.11582887170169,795.0776492815397,1.2786066481559266,-0.42788987175787374,0.18881669453614158,,21.725379368865777,0.209448244974866,0.3716622779,29.173544974752637,15.7,True,29.227127,15.679586
8.415229971515204,28.0,0.06818138265,0.1009802524,4.288485461719562,27.979644365571428,-10.481111848394988,0.6506066841349056,0.11145094874346556,37.69959904813678,2.159153984,5.814773443424328,0.05586568470640443,0.1009802524,25.168754339776104,7.59,True,24.926537,7.5582986
7.2093232129509754,28.1,0.2228877916,0.3954924471,1.1861264083754,16.936550029513327,807.2594917434227,1.508326303923037,-0.38607962241930316,0.6048810573262329,,23.69923554914135,0.21593281021753324,0.3954924471,27.823117623168393,20.0,True,28.239687,19.93515
12.880859425281274,27.0,0.05488144165,0.04965865508,3.462235253409664,54.06878342352697,62.934186732400846,1.6082116454032698,-0.0026050642512918257,-419.0759502952906,,2.4366770895748013,0.03735780620119781,0.04965865508,26.23886944705581,25.0,True,26.984484,25.070028
-0.9509380500940853,31.0,0.1781506962,0.3059611687,1.5833280157414755,64.34191937208446,408.0892941068091,4.819857193386973,-0.10756566251953349,-11.8696848668931,,16.97400337093598,0.14971766502874964,0.3059611687,26.21764304846136,7.11,True,26.551914,7.050709
14.357689232608967,30.0,0.1070811856,0.2413954425,3.7945068285388137,41.363890684030565,56.49819154102446,1.2450624966023678,0.18603124156719186,15.609353448828166,2.570994383,13.850807765749646,0.14631227091822174,0.2413954425,28.662447607217757,0.05,True,28.862793,0.04540328
19.134474367233924,30.2,0.2098195715,0.3124383381,1.0628402806295272,16.0676009934621,613.6880252366568,1.8502967551271412,-0.30108944452693864,-5.111018198513549,,19.049306227688977,0.1793744252174375,0.3124383381,27.151883155845407,14.28,True,27.493586,14.289526
1.9505873890804624,31.0,0.1504918888,0.2666982118,2.0414316172394638,46.295654238958235,89.57709215423803,2.589722468963231,0.18454279771738377,11.336967627538854,2.97721149,14.675399162094166,0.15661820440301172,0.2666982118,30.110944633267575,0.07,True,29.897795,0.31290755
16.326963759434037,28.0,0.1719801499,0.3716622779,1.889452045519952,23.314225101716215,803.557079740344,1.1737995057883772,-0.42380668033849045,-2.1692379953627157,,22.16473872489958,0.18744000550069506,0.3716622779,24.721308624509597,15.7,True,25.579931,15.740057
18.323927250469843,29.0,0.1212089852,0.2159804042,2.538702507830726,67.59199117833353,23.072253379695255,2.899028808487032,0.20221493444946134,17.07811457029591,2.922097642,11.96238906907238,0.1425023028372415,0.2159804042,29.896836989239407,5.0,True,29.305317,5.0698752
4.521077959370598,29.0,0.2247719012,0.4206898778,1.2289830095357264,19.927564696359962,840.3755592001327,1.8989192194339544,-0.42471044653613155,-1.337461966856603,,24.879104486802003,0.20944354389447978,0.4206898778,25.97120040675638,14.92,True,26.045364,15.020832
10.183079524977797,28.0,0.06818138265,0.1009802524,4.17477059273055,28.397892196057263,-17.068312617724,0.6817851920660002,0.10597672470513408,41.469186475389066,2.159153984,6.1120813491323585,0.0676181881059822,0.1009802524,29.630164782211725,7.59,True,28.985954,7.6531463
6.37776198240222,29.0,0.1619473403,0.3108028792,1.8734911469314588,76.28508121431221,345.00112187271407,4.520226549750716,-0.04011365773540683,-49.867457642438154,,16.578124226842885,0.1570293419366729,0.3108028792,25.86027785454751,15.82,True,26.634434,15.857365
1.3574009086903305,26.0,0.09648355876,0.1953904428,3.821503451576109,14.309784266428904,68.4555293238991,0.4267512958991347,0.11083398060750636,29.029561232196556,2.14723498,11.793413881463756,0.12583832074640902,0.1953904428,32.50072575329628,8.69,True,31.339668,8.744274
7.271027092715123,30.0,0.1070811856,0.2413954425,3.7819334365411312,41.414299350849014,46.716092908631374,1.172737644692435,0.18713779189034196,19.296127663083414,2.570994383,13.385062692859796,0.12647940827435283,0.2413954425,26.281555137819673,0.05,True,27.336405,0.11879003
9.486260504736743,29.0,0.232618541,0.4301748636,1.260198781522058,15.01716353530456,878.6394733951146,1.5224328680385246,-0.44556455084581015,-4.44194488287336,,25.90668974829273,0.21979098282148532,0.4301748636,26.05317402093249,14.46,True,25.876236,14.680796
30.56804469342934,26.0,0.1920226284,0.3222169051,1.2712092588550226,26.10685283346127,376.761297974959,2.2859661150912878,-0.07767257479299285,-15.10792947207048,,18.49755190532548,0.22737670375093508,0.3222169051,31.416400612211138,1.0,True,30.585436,0.9728746
1.3022881980627914,28.0,0.1878901209,0.2575640396,1.0731259467825558,28.80142995002837,340.68828814264765,2.891593825716769,-0.09534026397845809,-13.644144798924067,,14.786588206178688,0.1600232207871145,0.2575640396,31.642983254258866,0.09,True,30.61545,0.1436734
23.207977728725414,29.0,0.1719663151,0.3311250068,1.7108880170249288,31.39972213139057,176.76759596036473,2.131844602588992,0.14822250684019805,10.576581208613142,2.901427546,18.953272670930346,0.19059174077807506,0.3311250068,26.816607523364105,0.05,True,27.604761,0.031583674
10.914104682840906,28.0,0.06818138265,0.1009802524,4.300890314220044,27.5871683217955,-12.565883263969939,0.651431250204145,0.11292730517384009,38.29028317136513,2.159153984,6.23825611939308,0.051276612462291274,0.1009802524,21.786932981652864,7.59,True,22.867006,7.5558653
8.912211958302608,27.0,0.2278383378,0.4112457158,1.1814410996356508,12.591808952863628,733.6204767034105,1.413576952525936,-0.3352798840980655,-3.608302549457961,,24.78657916501711,0.26315684785062027,0.4112457158,31.725620108524716,1.53,True,31.161646,1.540234
7.250043005830959,26.0,0.200604274,0.3020491187,1.2265363150703554,52.33059663891118,357.1694328122868,5.412756695596107,-0.06737150658239917,-17.365120203421867,,16.697785853237125,0.16303635096485725,0.3020491187,27.283091350142588,20.81,True,27.332232,20.743637
20.517093068384394,27.0,0.05488144165,0.04965865508,3.3546871570872594,52.83730457052483,66.53990382280591,1.6137936233399672,-0.005551174897172878,-411.82252503693337,,3.03023398156716,0.04990096691368707,0.04965865508,30.613527400351938,25.0,True,29.199589,24.967735
0.8253364690433671,31.0,0.1781506962,0.3059611687,1.5038831357545768,63.901158741585874,412.3896218245504,4.800614470078939,-0.09580113495638223,-12.959086143535448,,17.06835151450535,0.14979248767607514,0.3059611687,25.96064211604242,7.11,True,26.32946,7.1838756
7.166151944641044,36.0,0.03107207905,0.03802392703,9.262546856936371,89.61903241502073,-18.131134523749623,0.9606824153084706,0.04696163196049343,191.16350097181714,1.703918008,1.8373869357101174,0.026365512298069375,0.03802392703,26.790506432344053,0.05,True,27.497812,0.055126194
5.390670322548819,26.0,0.1920226284,0.3222169051,1.2712893900441817,26.24067555152039,392.2114213919731,2.3427127190569967,-0.05921138849592783,-15.47251789698824,,18.826011741619958,0.172011077561521,0.3222169051,27.343771730528577,1.0,True,27.433405,0.948042
42.52580631672909,29.0,0.1275388052,0.2461033675,2.5450056268945227,47.06317674718536,101.96022039699977,1.9449687318216382,0.17266215988202122,17.637336400101493,2.776144106,13.386447424648326,0.18462470214369006,0.2461033675,30.001929452192005,6.67,True,30.052282,6.7175717
1.0800944298843747,22.0,0.2241035273,0.4288432162,1.2755666740467855,14.78228653999151,874.6561114325706,1.367324346102505,-0.43606658728298936,-2.303722335535086,,25.949027108432205,0.2343580155450293,0.4288432162,28.5448722754765,29.0,True,26.907036,29.007603
9.248013382963535,30.0,0.2315958308,0.4922047512,1.294089683289977,13.700416462226341,897.8111962068223,1.2191205204365332,-0.40113912271705604,-4.763956472174099,,29.558861305398068,0.28770822780740707,0.4922047512,29.49860364077324,34.49,True,29.941074,34.41155
22.400562220358754,27.0,0.1111907411,0.1766067081,2.595433871698361,13.305827931958884,41.536488700037296,0.5787283117324122,0.1329204457162949,14.129378746743573,2.449038895,10.527516739842063,0.11620917071197964,0.1766067081,27.976006624105466,6.86,True,28.723276,6.8438587
3.103817525314969,18.4,0.1824617072,0.3462402298,1.693581525739483,27.94169452661058,760.7991222657552,1.8912583686417417,-0.4027354329991351,-6.654723856857288,,19.96753720621075,0.19866003889474274,0.3462402298,29.457728580319856,32.5,True,29.026455,32.575645
0.4616701938847522,29.0,0.1619473403,0.3108028792,1.8634621295928377,75.94395870839828,352.95112393632144,4.5361360956291925,-0.04815969465386479,-46.613326605305076,,16.79774280927558,0.159836876782633,0.3108028792,27.148092835069097,15.82,True,27.259222,15.896747
2.636583027276635,33.0,0.07124013902,0.09395982685,3.5864165517459385,98.38709972478274,16.62956402188853,2.837279196044506,0.07799483518015038,42.449103686698145,2.494793913,5.113685341399341,0.03436607921861235,0.09395982685,18.65942189696531,0.03,True,19.89853,0.054215863
4.651436728610265,29.0,0.2298975172,0.4247456024,1.2004705645427416,13.304575351306855,775.3696967162166,1.3238851633834354,-0.3426083750287141,-1.7518000454166214,,25.236107843333325,0.2664323431791867,0.4247456024,31.64652449881073,31.0,True,31.198248,30.958515
3.6346473783568953,28.1,0.2228877916,0.3954924471,1.2443764748602988,14.791653780125488,784.101264629707,1.5038119897054438,-0.38407932825883423,-2.252439772973686,,23.97119150617461,0.21754538274012866,0.3954924471,28.40770816351655,20.0,True,28.213264,19.977524
7.814752894000561,29.0,0.05189641513,0.0657877657,5.093207028254747,28.77708470451585,15.057110283209823,0.6255588294232237,0.055065386790398574,92.12939896967335,1.807360509,3.944651910694819,0.03978269520613703,0.0657877657,25.91629135333252,10.21,True,25.77065,10.316196
21.055251853553266,32.0,0.05672229488,0.1140317233,7.3351310611785685,93.56731145922089,288.54653891365564,1.2770015866993307,-0.16345699737593042,-39.197336710731555,,6.082293551026211,0.09305894382111217,0.1140317233,32.26977355989479,0.04,True,32.255024,0.03708701
7.680782775674205,21.0,0.1032349997,0.2314276736,3.810331086582913,39.83191710177734,137.51439164198993,1.0051069029262565,0.10862380109133214,35.84028110004936,2.277152071,13.29160967985616,0.1292691753565811,0.2314276736,27.71671693651973,0.05,True,27.697725,0.07985083
16.812061127681705,28.0,0.1878901209,0.2575640396,1.2094526279879116,27.519800778428618,335.4603145291886,2.8415162666437106,-0.08620828590140715,-9.987052545673142,,14.80087521270742,0.14506588859886757,0.2575640396,26.470975904824286,0.09,True,27.357803,0.1091036
15.07387842280476,25.0,0.2304226093,0.3700944421,1.111539757226648,24.3798025035701,283.1615348304345,3.4644864992127347,0.09870853382826478,7.587646804066253,3.131335034,21.657930373364778,0.21627352275140183,0.3700944421,28.530451509173602,0.11,True,27.463999,0.022880157
3.400229673805134,29.6,0.1179818234,0.2479817269,3.0716954836834116,42.03773952501987,111.68739104733912,1.4321502061681661,0.1413251390173733,18.786050330247758,2.582701273,13.969852918263706,0.14105654032308967,0.2479817269,29.034946967996216,19.5,True,29.309744,19.293755
16.057984990195724,36.0,0.03107207905,0.03802392703,9.315636325939915,88.60602934357111,0.8907306801361443,0.9606703849250117,0.046292347901195165,186.16361637822126,1.703918008,1.8804451247999754,0.03488058532943491,0.03802392703,26.336325527968683,0.05,True,27.189362,0.036716852
7.282752925117125,34.0,0.06098078737,0.09323226954,5.055889842698579,35.5757944823616,24.93497316238083,0.7135642558695667,0.05931958362624019,96.98931134903154,1.863399839,4.869085245183505,0.053465680977037064,0.09323226954,26.35167424106154,10.0,True,27.31125,9.990476
6.98805365422544,30.0,0.1172248747,0.3199509858,4.1774199671075865,106.05466300873547,70.8022444704014,2.8168821414042076,0.2571920087319332,13.742289651486802,2.847252039,16.96531132543068,0.15892992961317104,0.3199509858,25.402627067136354,8.0,True,26.476858,7.9908576
14.332529403518384,28.0,0.1719801499,0.3716622779,2.102211302846371,21.903961036689466,799.9347288189738,1.2468199440417211,-0.4305026416021289,-0.08009654766762786,,21.56227140575498,0.21530072447095353,0.3716622779,28.40133015823215,15.7,True,29.4101,15.853658
7.509363176088995,26.0,0.2232369267,0.3235815982,0.9578808246823356,25.274039494961695,526.3601636472815,3.310188134750369,-0.19354215755511459,-1.4508357313398585,,18.618307491040984,0.1961202258933566,0.3235815982,30.237267916862137,6.15,True,29.96402,6.1682096
8.252030030705292,28.0,0.1878901209,0.2575640396,1.0860493007745406,27.063920715840304,339.41465898035085,2.8597661371031378,-0.09131455286498787,-11.317683385452174,,14.914366213927405,0.1390249174228186,0.2575640396,26.918253514797243,0.09,True,27.52373,0.11520832
12.276666789593996,29.0,0.1719663151,0.3311250068,1.8628110930384392,31.478136059623314,181.82660872958763,2.0708304237201283,0.15124087225535754,5.643246115620109,2.901427546,18.769647077866754,0.17217343224866163,0.3311250068,25.77540551583779,0.05,True,26.766933,0.08256058
-0.6833852815841526,27.0,0.03488910256,0.03181953891,5.898612253134812,20.815507486968816,1.9338294936935672,0.3517323554178344,0.0227922961000796,319.40600906883844,1.235390354,1.9302363875547444,0.015868135305057287,0.03181953891,27.48202879450926,11.42,True,27.778677,11.291924
11.23152244563241,30.0,0.09463102913,0.1510390423,3.1074378361043307,4.865148259077803,133.58258548142626,0.11510345788427376,-0.0015935081533388828,535.6200949300593,0.8665644458,9.773423360951858,0.09479883102506968,0.1510390423,28.95500215774111,3.0,True,29.20626,3.0293756
14.336008146601024,27.0,0.2040762825,0.3350496418,1.206648757965994,22.07471296400349,551.9812104022253,2.0597487284809515,-0.17583414785069115,-1.5856010251275503,,19.643863277839888,0.20171467185014416,0.3350496418,29.216383116573223,13.45,True,28.875463,13.324416
0.1345069718967865,28.3,0.226619289,0.5112073128,1.491201932985113,21.002301862178538,953.6254923358205,1.741941047169128,-0.450616063675845,-0.5224278086446055,,30.00875670699138,0.25065205186915773,0.5112073128,26.107200354959,21.9,True,26.815453,21.899197
-0.48647490749353833,27.0,0.2278383378,0.4112457158,1.0828433798685784,13.776112561440554,744.1116661763605,1.3984471177559337,-0.35121404628325315,-9.752923987972725,,24.499970436481338,0.22069945476440475,0.4112457158,28.273307255559153,1.53,True,28.29703,1.5403879
-0.6897787198568688,33.0,0.07124013902,0.09395982685,3.568656674587451,98.42049640067418,-0.12630924601606264,2.768911470444401,0.081142012562944,40.67130105991538,2.494793913,5.082182769064173,0.05389077753886142,0.09395982685,30.151981562372434,0.03,True,29.603838,-0.01949475
13.581695657997413,36.0,0.03107207905,0.03802392703,9.32193489939585,88.63093645099444,10.294131966118384,0.9540655153298152,0.04524823855896255,181.1731054118195,1.703918008,2.096251554135338,0.03334403697891104,0.03802392703,27.46244973536387,0.05,True,27.402884,0.21302047
2.641811392639425,29.0,0.1719663151,0.3311250068,1.73351208577913,32.02264144268423,191.79803335996286,2.0856074715222253,0.14772334229894712,9.927569076517624,2.901427546,18.885146925137292,0.12901091091944075,0.3311250068,20.888636154425438,0.05,True,21.3986,0.17157704
35.0733806902617,32.0,0.07934535359,0.09167927964,2.748456417006868,5.85454537387515,-49.66432300652175,0.19556286797296377,0.131834089253502,12.60071989146859,2.236327769,5.812802713774468,0.08482464261453856,0.09167927964,28.48719544072916,0.04,True,29.46176,0.047015116
-2.4490965461860936,29.0,0.1619473403,0.3108028792,1.9334668029239055,76.62707718455442,357.8567433339845,4.494891366675453,-0.04516963238464245,-49.597359896146244,,16.818371720486113,0.1471695716501292,0.3108028792,25.705888656428783,15.82,True,25.909346,15.858624
21.163221067676506,22.6,0.181542783,0.2427765178,1.0699242462154963,19.477733143863603,486.3952134202005,1.8706780311393976,-0.259248754369975,-6.8392219932575244,,14.817468377933192,0.14810105740644713,0.2427765178,27.603213806843232,42.5,True,27.091911,42.423306
9.676315731950417,25.0,0.2304226093,0.3700944421,1.0179878661931847,24.57032099891297,270.37090729798757,3.3573581971225908,0.10872872171583511,1.222280257420536,3.131335034,21.218462709474238,0.1932647008194746,0.3700944421,26.384087933024585,0.11,True,26.806528,0.11790835
-2.2289392008130373,29.2,0.06818261954,0.1009854445,4.325597981815128,28.436092546502426,29.85433252780359,0.7144047294627315,0.06216968283744353,65.14359905123861,1.974330689,5.865049767228395,0.05301344344104723,0.1009854445,28.680119871753647,14.3,True,28.374168,14.1956835
-0.31264688533154184,22.0,0.2241035273,0.4288432162,1.357476844122517,15.915444988184547,866.5756397227422,1.4017464681174556,-0.43596091136990833,2.2437867894301973,,25.54782535629445,0.24486664783849169,0.4288432162,29.757573002517404,29.0,True,29.313953,28.966982
7.3612952288048366,33.0,0.07124013902,0.09395982685,3.6154251430852464,98.4458361262585,-3.886787491249227,2.7323704183710085,0.07706364565979407,42.5501191799795,2.494793913,5.303267239898543,0.053079109657491345,0.09395982685,25.946056860544644,0.03,True,26.40593,0.1503957
7.046885418838664,30.0,0.1172248747,0.3199509858,4.133322117040523,104.60968009332545,69.1030119330206,2.8537811132437785,0.2698441058676777,16.884815498162084,2.847252039,17.113857081181575,0.17250223078802612,0.3199509858,27.344712658328113,8.0,True,27.430082,8.004555
10.612533141650175,34.0,0.06098078737,0.09323226954,5.151191299073228,36.7592934321537,27.590131577356175,0.6882748017883371,0.056655430520175534,88.22917441913413,1.863399839,5.334788431035948,0.06277388391231187,0.09323226954,29.22602822969255,10.0,True,29.97416,9.967531
-0.906832444026526,29.0,0.1275388052,0.2461033675,2.5766156700874743,46.63486105522467,70.62321737464676,2.0417227866082017,0.17733120207029632,14.460903194733055,2.776144106,13.690629158423949,0.12743215471429506,0.2461033675,27.541323645156353,6.67,True,28.231722,6.5608754
10.773114760360956,31.0,0.1781506962,0.3059611687,1.4701529671446005,64.52962030657486,418.1591840132845,4.84325225320895,-0.10969984021888084,-9.528624233922852,,16.55361659652417,0.16143475888863532,0.3059611687,26.216594212995684,7.11,True,27.10268,7.153487
0.6087795760978244,31.0,0.1781506962,0.3059611687,1.4497485573424607,64.72246723063115,430.48441183122287,4.834339121841462,-0.10940518842205814,-2.146769330718513,,17.345591691937226,0.15739962059894635,0.3059611687,27.133024983937418,7.11,True,26.95442,7.088494
19.60791649132736,28.0,0.1719801499,0.3716622779,2.0143257285234695,23.04190421868747,799.9356210548411,1.2408565032838768,-0.43949278584776147,-5.924879634795591,,21.779909020071134,0.21326586727207758,0.3716622779,27.52216951800196,15.7,True,28.063885,15.684121
-0.5476357978540706,28.3,0.226619289,0.5112073128,1.4962350888735776,20.22500278919675,981.4325549172187,1.7086900790710828,-0.4583600218607647,-3.371589351667801,,29.76654707321604,0.26323451818382027,0.5112073128,27.29366151433415,21.9,True,27.063566,21.900019
5.591008708971271,29.0,0.08266657109,0.1512408316,4.106035930221896,22.700498620328393,19.275732813256987,0.5346543182543673,0.12801288103823275,26.3473601645862,2.208502576,8.448149509607353,0.07971680443399098,0.1512408316,26.110287884672363,18.0,True,26.924374,17.694077
33.45715526967385,26.0,0.1734666346,0.2813158602,1.53110604715979,15.95011328009069,441.09864823071604,1.121038870485964,-0.1602113943318222,-4.923738060661168,,17.04762557018603,0.16952498350772213,0.2813158602,25.812286036396163,0.13,True,25.85885,0.15162453
5.821970502878396,26.0,0.07899629654,0.1281119564,3.9768295418897894,11.163562450884866,109.45009467803384,0.3294124375849747,0.013070089090955164,262.9252650525558,1.28015044,7.671661928487663,0.06775128983301938,0.1281119564,25.799122642708127,5.93,True,26.047443,5.8135037
6.0788085811193255,28.0,0.2227510462,0.347559422,1.1423607776419717,16.4199254794576,655.3976807369012,1.850680139813017,-0.3122782697792975,-0.014730037423434705,,21.058038852431483,0.21044792673297766,0.347559422,30.456039973283634,17.3,True,29.243921,17.316116
13.574652149161388,29.5,0.09648256903,0.1953859888,3.7637199809893542,15.206673226537719,66.85297304577314,0.40382079875128646,0.1530806874915162,28.284137533829995,2.204250466,11.842919344418872,0.1192635351630459,0.1953859888,28.409999515164884,10.0,True,28.785389,9.946205
-0.00586461395925808,29.0,0.1719663151,0.3311250068,1.8821028400194506,33.01435558335576,183.40629646105293,2.055935835538566,0.15057502635015932,6.424649301234767,2.901427546,18.613952069899216,0.17069750396401315,0.3311250068,27.272257427788823,0.05,True,27.038286,0.021292077
0.36125892186157804,28.3,0.226619289,0.5112073128,1.411326018812866,21.73754475870292,960.287956608813,1.6320537982807135,-0.4430937532019989,-5.422681475262779,,29.862123558207294,0.24545009317127156,0.5112073128,25.614521762894036,21.9,True,26.857996,21.840845
15.062375644613574,22.0,0.2241035273,0.4288432162,1.2863259280696473,16.078096945961143,853.8702486769384,1.3982103645417308,-0.4316547350993139,-1.9500092311735957,,25.857814973656964,0.2581656275087241,0.4288432162,29.54809517341754,29.0,True,29.669937,28.886578
7.401708023478563,30.0,0.07759909747,0.1042408613,3.3461633677732436,56.03508347822159,61.57419595401759,1.7998719532766179,0.035798384563693504,96.22647015027457,2.08828785,5.86368003613207,0.06447850543998158,0.1042408613,28.702787987100596,10.0,True,29.053001,9.992021
-1.8853096445657962,31.0,0.1504918888,0.2666982118,1.9542555089872113,44.130873656763285,85.57807752971475,2.5906561692325285,0.17641364597703474,15.558818714833968,2.97721149,14.926820109341632,0.14091016008953158,0.2666982118,28.165472637690968,0.07,True,28.721651,0.090328686
7.994234994808256,29.0,0.2247719012,0.4206898778,1.2465108383913184,19.792926423934414,834.3340335366074,1.861307563634852,-0.41910009030044315,-2.920371892459005,,24.872987465997067,0.23308764598281434,0.4206898778,28.14935700378648,14.92,True,27.788336,14.913468
7.239900475368161,26.0,0.2350242243,0.2865867119,0.741845325779987,23.51378528405369,551.8775503338256,3.7051001800324186,-0.2669412850503883,-2.3344550660467416,,16.626713784579856,0.16219863910287724,0.2865867119,28.400291072583308,20.81,True,27.847677,20.861942
34.33607459653718,28.1,0.2228877916,0.3954924471,1.1866795069140872,15.162023622117516,778.7665818513967,1.5070673222900544,-0.3912120380411341,-1.6818187390397297,,23.576762222305486,0.2612955899114884,0.3954924471,29.850031955440503,20.0,True,30.95884,19.910473
1.2186512377542853,29.0,0.2307925914,0.4232513111,1.2685423379177012,12.239856126003748,783.2138151664084,1.305169847503828,-0.3585527365566887,-1.1345882677752026,,25.888361422848387,0.20770101310713632,0.4232513111,26.00534775994557,16.94,True,25.990347,16.922457
11.702395742074499,28.0,0.2227510462,0.347559422,1.1528426643619096,14.742683205450422,682.4856270335514,1.865330877423692,-0.32071676141000693,-2.746850061978591,,20.730055345923944,0.17594538062212128,0.347559422,25.293585674436144,17.3,True,26.022453,17.19591
13.249648983026534,29.0,0.1275388052,0.2461033675,2.715174564077428,45.80054200612141,68.24364046050394,1.9923552610276851,0.18259458392725053,19.989871140602734,2.776144106,14.099892693097566,0.15140293168362468,0.2461033675,29.308234835513872,6.67,True,29.259954,6.6983385
-0.38742920919177015,30.0,0.07759909747,0.1042408613,3.364773203122628,58.64738011562264,72.94441887906385,1.694051297379279,0.03682374679285686,95.56548134223901,2.08828785,6.19827302398213,0.053302767206319816,0.1042408613,27.2511403252735,10.0,True,27.506601,10.004462
